{
  "57 /start" : {
    "transaction" : "57 /start",
    "sampleCount" : 135,
    "errorCount" : 0,
    "errorPct" : 0.0,
    "meanResTime" : 1579.8962962962967,
    "medianResTime" : 1330.0,
    "minResTime" : 987.0,
    "maxResTime" : 2855.0,
    "pct1ResTime" : 2296.8,
    "pct2ResTime" : 2305.2,
    "pct3ResTime" : 2785.5199999999973,
    "throughput" : 0.46423339591887264,
    "receivedKBytesPerSec" : 79.63929615876954,
    "sentKBytesPerSec" : 3.0908662186814393
  },
  "28 /assets/application-83a5b9f2e1580179c228e00b1276d04c.css" : {
    "transaction" : "28 /assets/application-83a5b9f2e1580179c228e00b1276d04c.css",
    "sampleCount" : 138,
    "errorCount" : 0,
    "errorPct" : 0.0,
    "meanResTime" : 205.3115942028985,
    "medianResTime" : 201.0,
    "minResTime" : 188.0,
    "maxResTime" : 411.0,
    "pct1ResTime" : 209.0,
    "pct2ResTime" : 215.14999999999995,
    "pct3ResTime" : 401.63999999999965,
    "throughput" : 0.4645182138264856,
    "receivedKBytesPerSec" : 13.18070431732653,
    "sentKBytesPerSec" : 0.467489826041295
  },
  "59 /code" : {
    "transaction" : "59 /code",
    "sampleCount" : 133,
    "errorCount" : 0,
    "errorPct" : 0.0,
    "meanResTime" : 381.98496240601526,
    "medianResTime" : 210.0,
    "minResTime" : 189.0,
    "maxResTime" : 805.0,
    "pct1ResTime" : 702.8000000000001,
    "pct2ResTime" : 707.3,
    "pct3ResTime" : 801.26,
    "throughput" : 0.46619229555890496,
    "receivedKBytesPerSec" : 0.4912319208086508,
    "sentKBytesPerSec" : 0.4573813597567387
  },
  "27 /" : {
    "transaction" : "27 /",
    "sampleCount" : 138,
    "errorCount" : 0,
    "errorPct" : 0.0,
    "meanResTime" : 1240.768115942029,
    "medianResTime" : 1190.5,
    "minResTime" : 806.0,
    "maxResTime" : 2673.0,
    "pct1ResTime" : 1697.3,
    "pct2ResTime" : 1817.9999999999968,
    "pct3ResTime" : 2663.6399999999994,
    "throughput" : 0.46098189142874324,
    "receivedKBytesPerSec" : 70.65791998936902,
    "sentKBytesPerSec" : 1.760938298575967
  },
  "39 /start" : {
    "transaction" : "39 /start",
    "sampleCount" : 137,
    "errorCount" : 0,
    "errorPct" : 0.0,
    "meanResTime" : 1607.0072992700736,
    "medianResTime" : 1311.0,
    "minResTime" : 993.0,
    "maxResTime" : 3083.0,
    "pct1ResTime" : 2278.2,
    "pct2ResTime" : 2454.7999999999997,
    "pct3ResTime" : 2926.440000000002,
    "throughput" : 0.46517787111517056,
    "receivedKBytesPerSec" : 80.02573413004947,
    "sentKBytesPerSec" : 2.946575265864433
  },
  "02_Step1_ClickStart" : {
    "transaction" : "02_Step1_ClickStart",
    "sampleCount" : 137,
    "errorCount" : 0,
    "errorPct" : 0.0,
    "meanResTime" : 1804.8613138686135,
    "medianResTime" : 1574.0,
    "minResTime" : 1207.0,
    "maxResTime" : 3231.0,
    "pct1ResTime" : 2522.8,
    "pct2ResTime" : 2712.1,
    "pct3ResTime" : 3193.3800000000006,
    "throughput" : 0.463823462696067,
    "receivedKBytesPerSec" : 91.43443687663142,
    "sentKBytesPerSec" : 3.533939493679136
  },
  "37 /assets/flood_logo_black-2f37da5375643a3756df3dfe52cdb75a.png" : {
    "transaction" : "37 /assets/flood_logo_black-2f37da5375643a3756df3dfe52cdb75a.png",
    "sampleCount" : 137,
    "errorCount" : 0,
    "errorPct" : 0.0,
    "meanResTime" : 199.59124087591246,
    "medianResTime" : 196.0,
    "minResTime" : 185.0,
    "maxResTime" : 302.0,
    "pct1ResTime" : 204.2,
    "pct2ResTime" : 213.49999999999997,
    "pct3ResTime" : 299.34000000000003,
    "throughput" : 0.46685181714402546,
    "receivedKBytesPerSec" : 3.316745087619908,
    "sentKBytesPerSec" : 0.46807645124465425
  },
  "04_Step3_SubmitHighestOrderValue" : {
    "transaction" : "04_Step3_SubmitHighestOrderValue",
    "sampleCount" : 136,
    "errorCount" : 0,
    "errorPct" : 0.0,
    "meanResTime" : 1578.2794117647063,
    "medianResTime" : 1276.5,
    "minResTime" : 992.0,
    "maxResTime" : 2796.0,
    "pct1ResTime" : 2226.4999999999995,
    "pct2ResTime" : 2398.45,
    "pct3ResTime" : 2722.739999999999,
    "throughput" : 0.46282431733413193,
    "receivedKBytesPerSec" : 79.27462311509692,
    "sentKBytesPerSec" : 3.001704697241431
  },
  "41 /start" : {
    "transaction" : "41 /start",
    "sampleCount" : 136,
    "errorCount" : 0,
    "errorPct" : 0.0,
    "meanResTime" : 1578.2794117647063,
    "medianResTime" : 1276.5,
    "minResTime" : 992.0,
    "maxResTime" : 2796.0,
    "pct1ResTime" : 2226.4999999999995,
    "pct2ResTime" : 2398.45,
    "pct3ResTime" : 2722.739999999999,
    "throughput" : 0.46282431733413193,
    "receivedKBytesPerSec" : 79.27462311509692,
    "sentKBytesPerSec" : 3.001704697241431
  },
  "29 /assets/application-5e48982641645e9e430e258fb10a8f85.js" : {
    "transaction" : "29 /assets/application-5e48982641645e9e430e258fb10a8f85.js",
    "sampleCount" : 138,
    "errorCount" : 0,
    "errorPct" : 0.0,
    "meanResTime" : 326.13768115942037,
    "medianResTime" : 384.5,
    "minResTime" : 198.0,
    "maxResTime" : 635.0,
    "pct1ResTime" : 432.40000000000003,
    "pct2ResTime" : 578.1999999999999,
    "pct3ResTime" : 622.1299999999995,
    "throughput" : 0.4645166502290606,
    "receivedKBytesPerSec" : 48.8994500274334,
    "sentKBytesPerSec" : 0.46023017978140784
  },
  "33 /img/header.png" : {
    "transaction" : "33 /img/header.png",
    "sampleCount" : 138,
    "errorCount" : 0,
    "errorPct" : 0.0,
    "meanResTime" : 209.47101449275368,
    "medianResTime" : 200.0,
    "minResTime" : 189.0,
    "maxResTime" : 400.0,
    "pct1ResTime" : 210.10000000000002,
    "pct2ResTime" : 299.09999999999997,
    "pct3ResTime" : 396.8799999999999,
    "throughput" : 0.4646808854527945,
    "receivedKBytesPerSec" : 21.83727887671814,
    "sentKBytesPerSec" : 0.46719974838203504
  },
  "60 /start" : {
    "transaction" : "60 /start",
    "sampleCount" : 133,
    "errorCount" : 0,
    "errorPct" : 0.0,
    "meanResTime" : 1606.5563909774432,
    "medianResTime" : 1301.0,
    "minResTime" : 996.0,
    "maxResTime" : 2800.0,
    "pct1ResTime" : 2296.2,
    "pct2ResTime" : 2392.6,
    "pct3ResTime" : 2788.44,
    "throughput" : 0.46517646976527827,
    "receivedKBytesPerSec" : 75.60525882764162,
    "sentKBytesPerSec" : 2.9541977968385487
  },
  "38 /bootstrap/3.3.0/css/bootstrap.min.css" : {
    "transaction" : "38 /bootstrap/3.3.0/css/bootstrap.min.css",
    "sampleCount" : 137,
    "errorCount" : 0,
    "errorPct" : 0.0,
    "meanResTime" : 30.737226277372265,
    "medianResTime" : 25.0,
    "minResTime" : 17.0,
    "maxResTime" : 215.0,
    "pct1ResTime" : 35.2,
    "pct2ResTime" : 62.19999999999999,
    "pct3ResTime" : 196.38000000000022,
    "throughput" : 0.4671367585482617,
    "receivedKBytesPerSec" : 8.766569422872992,
    "sentKBytesPerSec" : 0.158297319547116
  },
  "Total" : {
    "transaction" : "Total",
    "sampleCount" : 1917,
    "errorCount" : 0,
    "errorPct" : 0.0,
    "meanResTime" : 780.7083985393848,
    "medianResTime" : 382.0,
    "minResTime" : 17.0,
    "maxResTime" : 3083.0,
    "pct1ResTime" : 1999.0,
    "pct2ResTime" : 2200.0,
    "pct3ResTime" : 2570.2999999999993,
    "throughput" : 6.355573974305843,
    "receivedKBytesPerSec" : 553.4181031133444,
    "sentKBytesPerSec" : 19.604936153128886
  },
  "35 /start" : {
    "transaction" : "35 /start",
    "sampleCount" : 137,
    "errorCount" : 0,
    "errorPct" : 0.0,
    "meanResTime" : 1574.5328467153279,
    "medianResTime" : 1357.0,
    "minResTime" : 996.0,
    "maxResTime" : 3006.0,
    "pct1ResTime" : 2291.6,
    "pct2ResTime" : 2499.2,
    "pct3ResTime" : 2969.1400000000003,
    "throughput" : 0.4641534620088697,
    "receivedKBytesPerSec" : 79.49133256404978,
    "sentKBytesPerSec" : 2.9137964111112242
  },
  "03_Step2_SubmitAge" : {
    "transaction" : "03_Step2_SubmitAge",
    "sampleCount" : 137,
    "errorCount" : 0,
    "errorPct" : 0.0,
    "meanResTime" : 1607.0072992700736,
    "medianResTime" : 1311.0,
    "minResTime" : 993.0,
    "maxResTime" : 3083.0,
    "pct1ResTime" : 2278.2,
    "pct2ResTime" : 2454.7999999999997,
    "pct3ResTime" : 2926.440000000002,
    "throughput" : 0.4651762916281849,
    "receivedKBytesPerSec" : 80.02546240687985,
    "sentKBytesPerSec" : 2.9465652609231543
  },
  "34 /favicon.ico" : {
    "transaction" : "34 /favicon.ico",
    "sampleCount" : 137,
    "errorCount" : 0,
    "errorPct" : 0.0,
    "meanResTime" : 198.82481751824815,
    "medianResTime" : 194.0,
    "minResTime" : 186.0,
    "maxResTime" : 355.0,
    "pct1ResTime" : 203.0,
    "pct2ResTime" : 207.99999999999994,
    "pct3ResTime" : 332.58000000000027,
    "throughput" : 0.4657661853749418,
    "receivedKBytesPerSec" : 0.15055528062412668,
    "sentKBytesPerSec" : 0.45197792858988434
  },
  "06_Step5_SubmitOTT" : {
    "transaction" : "06_Step5_SubmitOTT",
    "sampleCount" : 133,
    "errorCount" : 0,
    "errorPct" : 0.0,
    "meanResTime" : 1606.5563909774432,
    "medianResTime" : 1301.0,
    "minResTime" : 996.0,
    "maxResTime" : 2800.0,
    "pct1ResTime" : 2296.2,
    "pct2ResTime" : 2392.6,
    "pct3ResTime" : 2788.44,
    "throughput" : 0.46517646976527827,
    "receivedKBytesPerSec" : 75.60525882764162,
    "sentKBytesPerSec" : 2.9541977968385487
  },
  "32 /assets/tricentis-flood-a1e7e4fbfe3e638b8f61b1ab4460671b.png" : {
    "transaction" : "32 /assets/tricentis-flood-a1e7e4fbfe3e638b8f61b1ab4460671b.png",
    "sampleCount" : 138,
    "errorCount" : 0,
    "errorPct" : 0.0,
    "meanResTime" : 210.3188405797101,
    "medianResTime" : 194.0,
    "minResTime" : 186.0,
    "maxResTime" : 818.0,
    "pct1ResTime" : 274.1,
    "pct2ResTime" : 284.15,
    "pct3ResTime" : 619.0999999999924,
    "throughput" : 0.4645526156332054,
    "receivedKBytesPerSec" : 3.3194643443243788,
    "sentKBytesPerSec" : 0.4625341366222312
  },
  "05_Step4_ClickNext" : {
    "transaction" : "05_Step4_ClickNext",
    "sampleCount" : 135,
    "errorCount" : 0,
    "errorPct" : 0.0,
    "meanResTime" : 1956.2370370370365,
    "medianResTime" : 1587.0,
    "minResTime" : 1183.0,
    "maxResTime" : 3358.0,
    "pct1ResTime" : 2904.0,
    "pct2ResTime" : 3002.4,
    "pct3ResTime" : 3300.759999999998,
    "throughput" : 0.4642317995343927,
    "receivedKBytesPerSec" : 80.12094151796921,
    "sentKBytesPerSec" : 3.5395659819534186
  },
  "01_HomePage" : {
    "transaction" : "01_HomePage",
    "sampleCount" : 138,
    "errorCount" : 0,
    "errorPct" : 0.0,
    "meanResTime" : 2389.405797101449,
    "medianResTime" : 2262.5,
    "minResTime" : 1630.0,
    "maxResTime" : 4072.0,
    "pct1ResTime" : 2899.7000000000003,
    "pct2ResTime" : 3528.2,
    "pct3ResTime" : 3965.139999999996,
    "throughput" : 0.4597624560643667,
    "receivedKBytesPerSec" : 156.95466196631742,
    "sentKBytesPerSec" : 4.037441983100399
  }
}